temperature,pressure,q,enth_mol,entr_mol,vol_mol
459.1901,143672.0,1.0,43006.04530747081,114.40253470631161,0.026048195943756545
471.5311,3966859.0,0.0,19708.261405323174,46.90278753409303,0.00011646091931625933
486.7981,3112904.0,0.0,22611.89199202219,53.17416344777493,0.00012166833981622061
332.3759,3977649.0,0.0,-2838.155140231532,-9.347891049794708,9.291568740303456e-05
533.7696,4778953.0,0.0,32232.651833042935,71.59572218731812,0.00014132497789512248
464.9375,4109969.0,0.0,18499.61837566399,44.28619700178242,0.00011468459198247777
532.739,3038726.0,1.0,48019.67253922951,102.16405562183601,0.0009528764033594275
422.3191,4728335.0,0.0,11093.775877272468,27.438050953732933,0.00010559795398536907
396.93,227660.0,1.0,35129.74143631944,92.29115719359592,0.013733220300763509
322.2355,4682620.0,0.0,-4235.719376881451,-13.816712558220958,9.166736134351368e-05
335.1659,2765006.0,0.0,-2503.0990907270484,-8.005606543643356,9.338952432261966e-05
374.8851,2944424.0,0.0,3415.217397314983,8.622711248590086,9.85381224067347e-05
399.876,906283.0,0.0,7275.3654983962315,19.117329041443064,0.00010279981907133778
297.5632,3099857.0,0.0,-7722.2653557004305,-24.608815019406855,8.910428786524174e-05
336.8482,4537619.0,0.0,-2167.0301456975544,-7.498078285210708,9.338097409183531e-05
291.8603,1770771.0,0.0,-8566.549738931682,-27.072925520668228,8.860745396049054e-05
377.7629,4716490.0,0.0,3939.810852926777,9.55249317635388,9.862681858537897e-05
357.2667,4628972.0,0.0,827.1540208288036,1.105372510715439,9.58943080235394e-05
484.0451,4185835.0,0.0,22048.29254777208,51.7462793088586,0.00011983706561058512
507.8631,3181253.0,0.0,26834.892316521622,61.64724921587987,0.00012995121731505436
423.2372,2558687.0,0.0,11183.92742447588,28.19533428799194,0.00010644141927213323
375.6976,75347.0,1.0,33179.170550447874,96.12068971197492,0.04061740695364822
391.7739,2038556.0,0.0,6019.11691516126,15.65180182305517,0.000101225937948487
404.9401,3081881.0,0.0,8175.383460611233,20.797353979939654,0.00010308922537028328
518.4767,3668453.0,0.0,29033.611902404893,65.8062551783668,0.00013455021486545775
304.6584,2092618.0,0.0,-6815.283959487827,-21.29714660855483,8.995791318254027e-05
296.7675,4022380.0,0.0,-7776.654346698796,-25.068207269556382,8.894364815498481e-05
520.8596,3765447.0,0.0,29539.582611903017,66.75467345224973,0.00013572619999550927
284.4648,4852777.0,0.0,-9372.987381100409,-30.81382786278475,8.760450440186499e-05
492.1392,2161224.0,0.0,23712.91950624262,55.662864168231046,0.00012463738495553908
560.7553,4766507.0,1.0,46683.63518822964,97.70585793703502,0.00039559619508049696
412.4299,647539.0,0.0,9323.027304954065,24.22520152393342,0.00010505245702720191
527.9797,3773788.0,0.0,31149.757108950715,69.82273024002775,0.00014054645000702545
544.8618,76711.0,1.0,55139.23271927292,143.74459147223746,0.05870535755800947
410.5944,4689676.0,0.0,9155.168668743505,22.792676775235307,0.00010360989763788853
463.2358,666234.0,1.0,42552.86698631911,101.27503502628754,0.005228350486797546
485.0735,3980569.0,0.0,22249.88491749009,52.21317848259036,0.00012032384674162164
540.3949,48314.0,1.0,54506.34358981822,146.403722056383,0.09264110483132211
399.5344,1326486.0,0.0,7235.445858961201,18.909470061730634,0.00010263792858644026
455.9332,3576944.0,0.0,16874.139315655033,40.88752999512506,0.0001128151902011928
279.0865,357251.0,0.0,-10347.482278501013,-32.87639188342276,8.738025749615123e-05
318.0656,3980089.0,0.0,-4858.0800916399585,-15.559975376490867,9.126754182211428e-05
418.8656,522089.0,1.0,37002.437447537726,90.5121624582374,0.005960067998082654
449.9132,2645055.0,0.0,15794.107902331618,38.73409899564099,0.00011189243090284984
551.8187,4308323.0,1.0,46856.18248735736,98.37868021153868,0.0004895865947432256
334.7017,1451498.0,0.0,-2639.260873347837,-8.045696396610534,9.34909076052728e-05
419.5151,3436999.0,0.0,10586.069043331318,26.55565427599391,0.00010548792068849948
482.098,4710822.0,0.0,21668.170989038135,50.82970629226069,0.00011884885786322911
303.68,1878988.0,0.0,-6961.051106560585,-21.713227209142698,8.986994230431675e-05
390.0995,1939121.0,0.0,5749.246098798133,14.98719950501893,0.00010098746267593261
527.4521,2380207.0,1.0,48796.48613917124,105.05587632350517,0.0013724140447943308
333.9639,4101575.0,0.0,-2604.352754263766,-8.680732403807152,9.308917666384595e-05
384.7214,4713852.0,0.0,5020.39138449181,12.387573370644107,9.961646082166359e-05
384.5457,1465527.0,0.0,4853.142558881033,12.79662007563957,0.00010023669460904417
315.5695,3902841.0,0.0,-5209.864672742145,-16.64812773862951,9.099537462309789e-05
537.6247,1301813.0,1.0,52427.45831242455,116.02926189017028,0.003040582307688753
449.5408,2798950.0,0.0,15729.570268312216,38.55233299812892,0.00011173378220742165
307.4209,368847.0,0.0,-6533.564360261141,-19.86862314352002,9.042248768451931e-05
406.8959,185844.0,1.0,36405.85525923738,97.07717173035302,0.017494127141505403
365.1882,2036798.0,0.0,1891.3596313345067,4.744708015466846,9.734334547558813e-05
546.1866,1695410.0,1.0,53189.47267396072,115.52265005307954,0.00229077995972932
404.8718,4270875.0,0.0,8208.301850456697,20.57638705114432,0.00010278273300650337
312.6562,2629748.0,0.0,-5684.897592391135,-17.792040293261245,9.079305957273388e-05
303.3823,46445.0,0.0,-7105.269495193609,-21.64538195491222,9.000237331397638e-05
323.0924,4374026.0,0.0,-4132.3283457467205,-13.408551204187123,9.179656976838923e-05
555.8356,3363002.0,1.0,51702.363577085154,108.36643018491385,0.0009409593154823066
438.8661,4201809.0,0.0,13886.995286058454,34.05614746612332,0.00010887362791979967
373.7285,421251.0,0.0,3123.5698923666346,8.508770075228096,9.883295699196125e-05
298.238,160313.0,0.0,-7798.957921522214,-23.98543883857816,8.942672870880693e-05
436.2011,884884.0,0.0,13363.495390970023,33.68794751964565,0.00010965307989505197
364.488,2786014.0,0.0,1820.9574399339008,4.3520631818038025,9.71264144764627e-05
517.5992,4264413.0,0.0,28755.41830160374,65.11550680111758,0.00013277142699209604
368.0265,4745647.0,0.0,2450.882189226007,5.551861871425229,9.728856475286929e-05
404.8399,701465.0,0.0,8075.342621403447,21.158111496416257,0.00010369498406150423
545.0009,1508469.0,1.0,53283.6293725254,116.53430773823823,0.002619521075968498
284.2523,508851.0,0.0,-9654.986484607318,-30.464978557781503,8.790569347994521e-05
517.7962,357320.0,1.0,50789.04920645951,122.9617617436021,0.011645961532723587
321.2786,2203396.0,0.0,-4506.304213608535,-13.950783357027792,9.181516749054601e-05
551.6286,2048742.0,1.0,53520.950306863386,114.80209861795214,0.0018513064602684634
535.56,3412585.0,1.0,47268.309801598465,100.15663030604779,0.0007680191476681648
529.5755,4136351.0,0.0,31426.511568080536,70.24977539031788,0.00014046764053913754
345.1322,3354206.0,0.0,-1028.0628790191927,-3.8317838229848733,9.453563124877716e-05
543.3576,2864637.0,1.0,50524.07862770924,107.15700708020928,0.0011302261152580254
440.3653,842912.0,0.0,14090.0183815694,35.35614937839589,0.0001105836650037415
306.7278,2252935.0,0.0,-6522.858554489937,-20.387779743751512,9.017065478398429e-05
497.2624,3611187.0,0.0,24639.334276155332,57.1699311615787,0.00012484456412736604
331.2826,271408.0,0.0,-3192.0778643743215,-9.375018074107595,9.321607189036436e-05
441.8166,3940687.0,0.0,14392.129556903425,35.26805705530116,0.00010957202528433574
321.5781,1355697.0,0.0,-4510.524543070807,-13.721606759372808,9.193948378959781e-05
466.9235,3819558.0,0.0,18862.346772903107,45.13638864717211,0.00011535517875400294
463.6579,4782518.0,0.0,18268.923894142747,43.623708615519334,0.00011399808874631432
544.742,4404830.0,0.0,35101.70968049411,77.01640080650384,0.00015425188906148567
528.6127,4719130.0,0.0,31078.261767856508,69.4382728262327,0.0001379957118580088
502.9178,2335266.0,0.0,25896.852424137145,60.00793654665518,0.00012904084642804693
385.8795,1115038.0,0.0,5048.444570227288,13.394944711451945,0.00010051344714556673
300.4871,3315622.0,0.0,-7313.91828692584,-23.307614869623,8.939862791460902e-05
548.2434,3543744.0,1.0,49653.505136045285,104.3678987276919,0.000807830579566304
307.0594,1126765.0,0.0,-6540.734593362963,-20.114882649233188,9.031122369886183e-05
289.7709,49857.0,0.0,-8945.806546909966,-27.852950820293458,8.852372101721206e-05
336.5532,726460.0,0.0,-2410.5323634060833,-7.161897351521179,9.380706494862416e-05
546.9238,722710.0,1.0,54665.67556341515,124.6486563686357,0.005931575325688308
431.1074,4542539.0,0.0,12567.889888422273,30.938984566433415,0.00010725355414329304
380.9484,402116.0,0.0,4244.488254544675,11.484428256424515,9.990936350332216e-05
488.7109,2386676.0,0.0,23019.575840135753,54.192180363209125,0.00012308177323648586
454.9319,2254221.0,0.0,16687.9938798194,40.80711648409682,0.00011327133494019168
441.1662,4406127.0,0.0,14288.585556582084,34.918176822078216,0.00010925544089871628
501.1819,2976381.0,0.0,25475.502685629563,59.0050759886419,0.00012725025443153487
503.2725,577606.0,1.0,48360.898424628904,114.39373345634543,0.006804350860882455
521.3473,3126642.0,0.0,29779.000156355844,67.381750448594,0.00013784335880445776
280.8656,128363.0,0.0,-10125.925902040975,-32.013531979256044,8.758125509577895e-05
302.3259,3673147.0,0.0,-7043.613376689977,-22.51694405262259,8.956538562963181e-05
334.8115,2241699.0,0.0,-2581.7439925347285,-8.094470322482474,9.340920712608599e-05
530.7098,4889204.0,0.0,31512.54350046656,70.21374829375735,0.00013885809539297887
547.0858,2719209.0,1.0,51519.115528899834,109.29886313512682,0.0012462512098217202
401.452,4278114.0,0.0,7656.1801970839815,19.20506539878111,0.00010223541196012217
475.8072,2032497.0,0.0,20542.130526039404,49.14397092729462,0.00011910463371725127
287.9876,1304150.0,0.0,-9111.598906780455,-28.810603964059258,8.823600894272717e-05
305.7777,2654168.0,0.0,-6630.384894052534,-20.85692664316904,9.002988866542083e-05
428.8921,159107.0,1.0,39123.4756524274,104.82967282066568,0.02179203007965066
340.8727,3300831.0,0.0,-1650.9332994669912,-5.633058938664694,9.401712528922031e-05
416.6638,728198.0,0.0,10030.305474157232,25.91083964085061,0.00010580562258559418
399.8558,3578474.0,0.0,7372.202156662023,18.674729313615376,0.00010214663831005849
510.6452,4681168.0,0.0,27258.672436678542,62.09841131159226,0.00012878368905331456
402.5666,3600479.0,0.0,7810.040085224313,19.760406847829405,0.000102574599578414
463.5324,1567699.0,0.0,18255.5644452386,44.39175709975936,0.0001158893384184456
314.1361,4234918.0,0.0,-5390.2049575088895,-17.316776767192707,9.08038057648564e-05
315.975,1542190.0,0.0,-5284.477411533409,-16.203112430221026,9.127480043644577e-05
339.8549,260290.0,0.0,-1956.5427028622732,-5.689915727793909,9.42779788723925e-05
364.7813,1304186.0,0.0,1795.112828221923,4.676463553548811,9.740816051127732e-05
426.9601,4173624.0,0.0,11856.09404949849,29.371857699812843,0.00010660607244861388
445.2795,3404114.0,0.0,14986.675939311604,36.74160752161873,0.00011052126285345585
451.2353,3002819.0,0.0,16032.146682174494,39.173504825720336,0.00011201999854125951
326.0833,521127.0,0.0,-3919.490081979773,-11.658720794219082,9.256121169625431e-05
552.6721,2593736.0,1.0,52751.55699695881,111.83822909144666,0.0013666680200693619
493.4216,3963400.0,0.0,23862.939717084704,55.51442778411394,0.0001230670659399126
413.4958,3712278.0,0.0,9597.360470935695,24.112486450894586,0.00010435795284108407
539.115,2463861.0,1.0,50645.55238548804,108.30722198011732,0.0013819938139595837
360.7793,1312121.0,0.0,1190.7411964186176,3.0083891695425953,9.685912012400956e-05
402.1363,3204507.0,0.0,7725.586277486913,19.651467604159436,0.00010260126244234734
362.91,640449.0,0.0,1480.4096642517422,3.989085644789448,9.725928125068684e-05
552.3248,861421.0,1.0,55323.777159147125,124.47644624374031,0.00497646407263191
483.1364,353952.0,1.0,45870.90182706365,113.20943571400704,0.01087260865268077
475.3096,2291115.0,0.0,20441.090120416615,48.866831935180876,0.00011874181932552417
480.1027,2544539.0,0.0,21344.740999440837,50.695151985340615,0.00012001227141686334
307.4232,107292.0,0.0,-6547.88805517695,-19.8382739315168,9.044741438887677e-05
425.2817,2776361.0,0.0,11534.505564963389,28.966973130027437,0.00010675250305669326
560.0079,2927697.0,1.0,53417.689477610904,112.26986631229917,0.0011914329075949012
466.4112,2772513.0,0.0,18774.52323332108,45.20759434434615,0.00011587723038802828
307.1589,3032770.0,0.0,-6419.716013168682,-20.28081017895379,9.01468444234743e-05
345.0318,1519828.0,0.0,-1136.9446027813726,-3.6441701216973956,9.476539826340236e-05
455.6668,1828766.0,0.0,16819.596034461498,41.20220035689059,0.00011368544306152962
447.5025,3880631.0,0.0,15383.6390395415,37.5127573578711,0.00011078952630213225
523.0085,3761027.0,0.0,30018.018462608074,67.6724847087049,0.00013708776703412248
281.8328,162085.0,0.0,-9995.992875051175,-31.562213692314323,8.767933676355595e-05
553.5228,2119162.0,1.0,53722.05123676306,114.93429249574656,0.0017862643205589623
553.8577,92839.0,1.0,56475.79924212202,144.60107570890185,0.04926463759035556
287.8886,3915854.0,0.0,-8972.936452763091,-29.128405319213265,8.802502745774398e-05
485.4537,2044129.0,0.0,22398.754660881954,53.003883264471,0.00012228027697204515
390.7633,3182457.0,0.0,5905.323920437251,15.06562511451185,0.00010082174719789799
480.1384,1758874.0,0.0,21379.615520710075,50.96476066998179,0.00012073596659984053
405.0354,2518850.0,0.0,8170.552085360815,20.928853678812082,0.00010324853152354192
398.4625,2285912.0,0.0,7098.513100811544,18.31997181700704,0.00010222956192476907
337.9432,4717525.0,0.0,-1999.7884636843528,-7.052215687554785,9.349029393670217e-05
386.699,1940701.0,0.0,5211.804530307079,13.603052315504467,0.00010046504124699728
401.3674,1012769.0,0.0,7520.810512793165,19.702635705429834,0.00010302215460058703
525.0543,2258551.0,1.0,48658.63301665584,105.12148509087473,0.0014629962844525891
545.1466,1823107.0,1.0,52819.36232296758,114.33209593987884,0.0020919459303811237
516.2947,1841810.0,1.0,48095.13289968099,105.35864258203937,0.0018598680371888696
513.4579,3066157.0,0.0,28039.490324342034,64.03572642155734,0.00013306929207893359
323.5774,1930373.0,0.0,-4197.682346782382,-12.91572957972532,9.211080720350246e-05
463.2658,909980.0,1.0,42029.65179920768,97.84987727087395,0.0036575750173109844
400.7225,3587766.0,0.0,7512.048923609227,19.02172099985475,0.00010228227807657008
390.8917,2621833.0,0.0,5902.642941370906,15.2034895634936,0.00010096162888813749
410.8117,3458934.0,0.0,9147.416181213577,23.084822384126014,0.00010397067701634378
418.3602,1712668.0,0.0,10341.958994175284,26.407806419912763,0.00010580870671160021
424.4108,1272845.0,0.0,11348.45841437607,28.90745659772118,0.00010709746439155147
487.9842,3134801.0,0.0,22841.017830497585,53.63879541079087,0.00012204647961561174
376.0787,2120428.0,0.0,3562.1969203592607,9.230745052199786,9.885822143727042e-05
482.4294,3674294.0,0.0,21754.809720924186,51.265773965352885,0.00011977155825414593
502.4014,1346345.0,1.0,46897.95832776315,105.15041221039161,0.0026211809416023624
365.5067,4065395.0,0.0,2036.4196283210458,4.602046737184649,9.705953718818885e-05
428.6263,3114450.0,0.0,12109.572340023715,30.229143183750775,0.00010727150818392227
363.5234,695924.0,0.0,1575.8737970769807,4.23705493009035,9.733494882616178e-05
417.1326,3157500.0,0.0,10180.926952456439,25.657531121807043,0.00010514808462863773
334.0305,1321013.0,0.0,-2742.608855750177,-8.31831118586752,9.342491789164563e-05
415.7377,4436833.0,0.0,9991.529499526025,24.880642326796057,0.00010454026155704402
359.9954,58872.0,1.0,31580.121082453676,93.7857147728415,0.049914796119537835
541.7791,1851300.0,1.0,52224.51028172919,113.13061433571576,0.002030293900675348
417.7226,1058461.0,0.0,10216.688122147945,26.273798110501186,0.00010589768217578368
283.1785,1302114.0,0.0,-9751.216220172093,-31.049698118137076,8.77341937396931e-05
546.1762,1873011.0,1.0,52906.94108745076,114.30409275639185,0.002030865131574919
440.5561,552143.0,1.0,39739.8146897785,96.46385290510143,0.006012489290837949
455.0558,4826508.0,0.0,16729.30579868574,40.26120168820443,0.00011200374673109606
490.4179,1766578.0,1.0,44049.44519536847,97.58956776806298,0.0017485934963630727
472.2353,1980672.0,0.0,19868.870603814525,47.73662095021996,0.00011806638707957758
285.627,926160.0,0.0,-9448.014213960703,-29.867429917140157,8.80176829661594e-05
430.9903,2751011.0,0.0,12503.085641788573,31.235650692785516,0.00010785638180297493
316.2222,4581415.0,0.0,-5081.308125036841,-16.436642985219372,9.100215543120597e-05
286.9249,4786121.0,0.0,-9050.363984000182,-29.664095888569626,8.786052318727866e-05
285.9812,3387722.0,0.0,-9257.514331688382,-29.958318665891387,8.786807413939095e-05
364.852,84864.0,1.0,32001.15405164259,91.972645883784,0.034840936601203985
303.144,3520151.0,0.0,-6940.938877326698,-22.132497434692635,8.966680511888986e-05
380.6802,4042900.0,0.0,4361.063900898326,10.838987822546825,9.91622508960375e-05
393.0614,1892295.0,0.0,6218.2820852116,16.19710785783091,0.00010146050717929327
552.6678,1051607.0,1.0,55132.33826284339,122.59395985035515,0.004011441547614436
322.0546,2115307.0,0.0,-4402.059862879231,-13.6015502247775,9.191414811590812e-05
428.2142,4746824.0,0.0,12083.836528194839,29.76153986750298,0.00010665081959873016
381.031,2718812.0,0.0,4357.060254599643,11.17374550085602,9.946373245945395e-05
508.1733,1409332.0,1.0,47666.11597841225,106.34970390530086,0.002529395579170486
490.811,4697401.0,0.0,23326.745072307036,54.2425145175385,0.00012148728769356256
375.8852,4028190.0,0.0,3618.747442855799,8.880489181904586,9.848608478405023e-05
432.3707,3083347.0,0.0,12746.696960138246,31.71689069861072,0.0001080064381442938
366.1799,2662292.0,0.0,2071.36920129293,5.070430590340836,9.737647558016132e-05
497.4808,2096512.0,0.0,24797.680971684134,57.87156351447784,0.00012693437855654122
350.9371,3017642.0,0.0,-192.6491402309789,-1.3395956229724801,9.531180288688325e-05
516.7477,2599232.0,1.0,46267.02315540707,99.68770645452764,0.0011180195225387955
517.978,772411.0,1.0,50220.361537438934,115.78208868755087,0.00515969644814128
493.9735,2801370.0,0.0,24036.31323976197,56.15698710843404,0.00012456643130043647
504.9087,3891728.0,0.0,26156.429191357813,60.12690268652372,0.0001275119986411646
430.0428,3211971.0,0.0,12352.750608503939,30.771157702183846,0.00010750886685006754
372.3584,4747212.0,0.0,3110.8889933325436,7.334331460101575,9.787446497869046e-05
319.4324,3373624.0,0.0,-4700.729056782012,-14.8924694881096,9.148300171842585e-05
366.9527,1725978.0,0.0,2144.723150637113,5.519601367348201,9.763827294498168e-05
350.8266,2198910.0,0.0,-250.2370241807096,-1.2812059017638853,9.541204944827868e-05
454.5746,4510500.0,0.0,16640.358050505358,40.14346839467275,0.00011204667834672408
403.9137,4440176.0,0.0,8059.635472653994,20.165768701645398,0.00010258807159872857
441.4145,2101833.0,0.0,14290.85611466359,35.49638727456501,0.00011025544305007889
480.4989,221714.0,1.0,45723.97552483837,116.66306516062991,0.017543057803710578
367.8106,1455014.0,0.0,2262.7579357783543,5.912962336801703,9.780365419571546e-05
429.1097,766942.0,0.0,12137.516020269262,30.88401518334857,0.00010821591281966417
504.5917,3052754.0,0.0,26168.47595868974,60.363633049135615,0.000128638041058179
498.5442,2876405.0,0.0,24948.012193689643,57.97516047938383,0.00012628331208255368
556.1092,3904028.0,1.0,50219.829228213115,104.89869081772572,0.0007121645838405036
413.1448,2601527.0,0.0,9502.69421191891,24.164233113324258,0.00010460850993229188
349.5259,4384362.0,0.0,-331.023810057203,-2.1059130915426727,9.49472855109698e-05
402.9938,561820.0,0.0,7769.368637300362,20.436395528298423,0.00010341537511963609
449.6854,3370451.0,0.0,15761.383082062199,38.48121613067695,0.00011149653149501365
337.0658,2563707.0,0.0,-2240.2187368151544,-7.1674867174450805,9.36436987745061e-05
329.8121,100474.0,0.0,-3411.3507474592975,-9.990218300045038,9.305765888484813e-05
466.1812,2869885.0,0.0,18731.476630698686,45.09109375969807,0.00011575385370468091
294.3856,3537267.0,0.0,-8125.435718949684,-26.10241006328147,8.873190905879597e-05
558.6989,180844.0,1.0,57114.26803775612,140.2580039243601,0.02535437498208839
519.035,4757447.0,0.0,28995.617714743283,65.45274961960382,0.00013252860795484565
473.0415,1713275.0,0.0,20027.012720126047,48.13813836607425,0.0001185178756364084
478.9787,4266559.0,0.0,21090.230448076807,49.736630323084455,0.0001182937396292004
333.1129,337531.0,0.0,-2926.221038000084,-8.593296104699482,9.343157936030986e-05
555.9407,4493087.0,1.0,47047.093372631556,98.5654076607901,0.00045803532254067063
468.808,3306443.0,0.0,19211.514538388015,46.00963874130177,0.00011616869613909742
445.352,2569389.0,0.0,14987.602600805812,36.951214382061515,0.00011090659257326677
458.7541,2896231.0,0.0,17378.28457152519,42.15853418293805,0.00011385047201834512
369.27,2890277.0,0.0,2552.1559074714633,6.31740477775347,9.77628325206335e-05
279.6494,3607443.0,0.0,-10082.427870307552,-32.943193983526875,8.720501834987093e-05
492.5798,3456468.0,0.0,23723.12163570123,55.3574899087783,0.0001233085780967356
450.3383,2473979.0,0.0,15868.096964129516,38.94103362337971,0.00011207345571738101
423.7742,258280.0,1.0,38272.98645809544,98.95445185884711,0.012991146337782882
510.1357,1342144.0,1.0,48094.795200576096,107.5365657975976,0.0027008061896901317
505.0277,587248.0,1.0,48599.879326352166,114.73849663275365,0.006713729119682122
536.6914,642926.0,1.0,53209.53185078872,122.87946309286887,0.006564420444804333
496.6659,1170340.0,1.0,46368.775956901765,105.0852886280655,0.0030413987038674347
540.9752,1271630.0,1.0,52996.94523108961,117.25849764608688,0.0031516806190681475
527.9864,4643545.0,0.0,30953.645002666442,69.2221200622174,0.00013780954419564774
425.253,4086320.0,0.0,11566.124026513797,28.713159894937508,0.00010632159642083035
504.4989,569367.0,1.0,48550.92879922816,114.88314420440659,0.006930132325967051
448.1293,2776997.0,0.0,15479.610555905014,38.00088270103911,0.0001114268603351256
525.5863,160137.0,1.0,52186.95548036844,132.1661848218595,0.02690578987751439
508.1552,4391032.0,0.0,26775.330645726448,61.222736775959405,0.0001281557040473199
310.0393,2052662.0,0.0,-6078.713589918036,-18.88885313406819,9.055604722582273e-05
553.3164,909157.0,1.0,55417.45030805641,124.22804824616473,0.004706245062125504
411.6191,277157.0,1.0,36742.50657377661,94.73434791208851,0.011644667748066138
502.8963,4876466.0,0.0,25681.493752582304,58.93729749129516,0.00012544188011175096
346.5489,806257.0,0.0,-950.7070701174778,-2.909729133184221,9.505589081289454e-05
457.1926,1797426.0,0.0,17095.597088028648,41.814715603836085,0.00011408499849229967
335.6537,481547.0,0.0,-2553.105642571572,-7.517765855598313,9.372637036985499e-05
441.6483,3447013.0,0.0,14353.76168698365,35.303747805292495,0.0001097376935570378
477.6442,3666376.0,0.0,20850.73835587256,49.38440362958736,0.0001183610494241695
491.6057,847587.0,1.0,46221.99143104265,107.15457315584625,0.004340743711101758
511.4008,448467.0,1.0,49730.93901133874,119.08913338316529,0.009063213852548796
284.7762,1251190.0,0.0,-9542.193916146723,-30.297896116113257,8.790410567252755e-05
305.1048,1921837.0,0.0,-6763.884464763674,-21.07814981192062,9.002228729992299e-05
306.259,3134227.0,0.0,-6537.320547379912,-20.694052567026255,9.003920002909178e-05
446.9834,1628745.0,0.0,15265.319854374524,37.80832563005531,0.00011171479217222895
317.9569,977345.0,0.0,-5038.99433786085,-15.265725674840223,9.155966754698101e-05
411.2629,1083166.0,0.0,9143.28379673491,23.677830012708007,0.00010471377513653104
332.3996,2191284.0,0.0,-2930.3110438122676,-9.125225575396922,9.312466177043284e-05
479.2225,4008231.0,0.0,21140.75326104891,49.905937623827555,0.00011855686715287434
523.6743,1917479.0,1.0,49147.197320874555,107.11436245068516,0.0018176248063858
311.2755,3582185.0,0.0,-5822.394223853983,-18.509601957719955,9.054904007005791e-05
354.5705,4788488.0,0.0,434.43664669361584,-0.04091586628633842,9.552739390527271e-05
459.0593,1524590.0,0.0,17435.756709852834,42.62534922978958,0.00011472501703623814
466.0923,2127879.0,0.0,18721.913168975832,45.25520071833222,0.00011621495713749568
333.7897,2104745.0,0.0,-2735.7164130352667,-8.516805939657784,9.330208827290001e-05
478.0981,2364316.0,0.0,20967.988454786842,49.95383214635353,0.00011953738276773052
441.4292,4011220.0,0.0,14326.276625495653,35.10144980191483,0.00010946455926896302
558.2655,3125362.0,1.0,52701.151744767034,110.58852158276504,0.0010725247292720948
325.9408,2056475.0,0.0,-3856.9006482268105,-11.902207548960025,9.2373554364628e-05
435.124,4334786.0,0.0,13247.216869579965,32.559096244263344,0.00010809009040634818
401.9817,1229071.0,0.0,7628.201935267944,19.914504722500293,0.00010306968416193347
534.8545,558956.0,1.0,53043.182856021565,123.67361664146345,0.007578668842402088
313.0635,4474033.0,0.0,-5525.297459930504,-17.816739413882598,9.066243253851037e-05
281.0706,3766226.0,0.0,-9885.667308062064,-32.29080559755987,8.733790927227115e-05
478.0156,310295.0,1.0,45238.87036154787,112.94503653509243,0.012321890440415652
369.6543,2545752.0,0.0,2594.723022877072,6.523834699914094,9.787444215339737e-05
292.942,574071.0,0.0,-8490.21713010931,-26.44879752272974,8.881972756240251e-05
478.0708,4714221.0,0.0,20913.596880709367,49.257117122473126,0.00011771772116427989
555.499,1865004.0,1.0,54446.2141959818,117.12861870934253,0.0021030028762903325
397.5682,4441688.0,0.0,7039.440521958835,17.619596325677907,0.00010159112042424237
321.5545,3760315.0,0.0,-4382.109563998315,-14.008815175471337,9.168482311626566e-05
339.7255,716014.0,0.0,-1951.815234764153,-5.80239728196044,9.420287302939368e-05
475.5184,1682851.0,0.0,20497.385563513577,49.13752713083566,0.00011930800397330078
412.4512,1787425.0,0.0,9361.931166616958,24.02964990840872,0.00010472020795967356
449.9979,4476241.0,0.0,15830.952376949608,38.36232878400842,0.00011106219916211188
472.0895,624355.0,1.0,43861.81972287317,104.56571632129415,0.00576461553892543
558.4552,4032365.0,1.0,50325.02914278851,104.92723644540787,0.0006797226161243991
304.5412,552444.0,0.0,-6918.2726353874,-21.180076580176742,9.008466229595437e-05
508.0742,2428698.0,1.0,45172.34254425866,97.93374978208703,0.0011811869531515304
358.5255,90519.0,1.0,31327.507797648486,89.58824383034815,0.03198529630906652
424.9772,1782926.0,0.0,11457.142274166785,29.034777844402516,0.00010703053844240414
471.6389,4392506.0,0.0,19724.868974159508,46.832999688451125,0.00011621400131558925
388.8084,199606.0,1.0,34273.97958156178,91.15060915304532,0.015396894265170444
484.9364,535368.0,1.0,45817.294893854276,109.83774337110995,0.007049665644063671
479.5498,258779.0,1.0,45534.00616701709,115.01893314102783,0.014927521663444741
294.0704,2211072.0,0.0,-8244.300775506414,-26.106285024816458,8.880609976858698e-05
337.5146,2400181.0,0.0,-2184.0681558835036,-6.955592456300315,9.371832047730351e-05
446.446,3089208.0,0.0,15186.82946822128,37.26871695223012,0.00011091217492970311
488.4649,716530.0,1.0,46002.74728904646,107.9748365687609,0.005185504329109628
462.8351,1191945.0,1.0,41275.17964352965,94.3365901031098,0.0026188798723994116
282.785,1108527.0,0.0,-9814.658839399008,-31.213881778658664,8.770780244082371e-05
354.2641,1146822.0,0.0,207.26786022969858,0.3021384100498033,9.601228789308714e-05
531.9381,2189936.0,1.0,49976.31582710995,107.81208841159874,0.0015756941865843503
409.8739,1797181.0,0.0,8937.281740435837,22.99436798342827,0.0001042654207996819
373.5186,1594465.0,0.0,3143.6526210293337,8.252564651478151,9.858679380549429e-05
512.8665,1457187.0,1.0,48305.16002347828,107.367256271148,0.0024680991687785294
557.2992,395287.0,1.0,56656.14108247775,133.06402921999623,0.011384341264696883
326.6839,591306.0,0.0,-3830.508395395123,-11.406000953583165,9.262489152262586e-05
495.1332,1726239.0,1.0,44922.91574795861,99.50941079659614,0.001849115700731937
486.5949,2515057.0,0.0,22598.740626058992,53.29691628188234,0.00012219383933294694
360.1869,3280367.0,0.0,1197.0131528430575,2.497993688277616,9.647420682531936e-05
510.9982,2522936.0,1.0,45414.198828293454,98.1948755046291,0.001128580835989436
316.5712,1452813.0,0.0,-5206.31954386766,-15.930186315286512,9.135189840733218e-05
513.4264,1836102.0,1.0,47640.112598380074,104.49540621378812,0.0018454219773950207
285.5288,4758593.0,0.0,-9237.417014469745,-30.30916664237131,8.771983101575376e-05
396.4034,2967435.0,0.0,6794.504388191765,17.38015728675423,0.00010174244246320303
377.8617,3736053.0,0.0,3910.4743310677113,9.731030998700483,9.881707838716266e-05
367.1098,4171077.0,0.0,2284.281113548045,5.250663682742579,9.725772489740796e-05
295.9062,4462145.0,0.0,-7867.39489662344,-25.50631348613285,8.88171102249689e-05
427.0339,2022947.0,0.0,11811.891368782057,29.80712031020024,0.00010734444355570045
550.5744,86762.0,1.0,55986.14213056232,144.27349404502075,0.052419647893654345
326.9409,1492665.0,0.0,-3745.5904493596254,-11.401528509587614,9.255402639108801e-05
284.5107,1458212.0,0.0,-9565.391852952629,-30.443311511047355,8.786083535569735e-05
379.0388,2093589.0,0.0,4019.7158387641093,10.449571846199076,9.929251475961294e-05
319.9168,2954518.0,0.0,-4656.043489966913,-14.632683026908692,9.158093770946463e-05
465.9028,1657750.0,0.0,18692.63128720537,45.30974329639019,0.00011648238155047252
353.1917,1173792.0,0.0,49.10513005509897,-0.1523076839877015,9.586694912679415e-05
418.3568,3519585.0,0.0,10395.76008287968,26.080614432711624,0.00010525768208031458
420.9656,3870151.0,0.0,10841.323011556799,27.054259543518064,0.00010561591468994248
388.6342,3999723.0,0.0,5603.322527427113,14.079741555353202,0.00010033114134888138
514.4359,174987.0,1.0,50551.31684694721,128.29464126797967,0.024039957622852322
395.2009,1790995.0,0.0,6556.112898416319,17.080385522388305,0.00010182299645190447
285.7103,702094.0,0.0,-9449.953400231336,-29.805170779708206,8.804358037110743e-05
469.8943,3282509.0,0.0,19412.272990343266,46.44330651811687,0.00011647522979983826
305.1321,1552481.0,0.0,-6781.008113232754,-21.025274090269665,9.005878311198444e-05
490.8536,1843603.0,1.0,43908.43518729875,97.03573912717452,0.0016468343394978183
353.2212,1241822.0,0.0,56.85122675728728,-0.14884094189193975,9.586084915638213e-05
462.7294,4079995.0,0.0,18099.08676832827,43.43006646995221,0.00011416094319957423
296.5849,1367293.0,0.0,-7953.772360534219,-24.86832325752883,8.914467208176249e-05
441.4194,1512644.0,0.0,14283.408200220561,35.62685293316989,0.0001105159221165721
454.3209,703855.0,1.0,41246.43495008661,98.01729663476029,0.0047799205280527925
310.4761,3639668.0,0.0,-5929.414222813235,-18.870589743329564,9.045545935900751e-05
334.7392,3708502.0,0.0,-2514.211330809562,-8.301612557733296,9.3227002747115e-05
422.4588,4163307.0,0.0,11099.773079243892,27.59363746259968,0.00010579339929871319
442.147,15986.0,1.0,41056.22585362367,128.17887270140525,0.22940007622139813
286.4653,1963201.0,0.0,-9276.16879067442,-29.585785847642278,8.802595674676107e-05
498.0868,1302811.0,1.0,46324.100921175,104.23421622085614,0.0026872922588187962
381.0822,383819.0,0.0,4264.645117818674,11.542129677464304,9.993334332869107e-05
520.7184,4426183.0,0.0,29400.31331913516,66.3161229824112,0.00013408590081079408
500.5186,754611.0,1.0,47677.7663613789,110.96773833656282,0.005060530563408955
409.9617,3688421.0,0.0,9016.093168508894,22.70674135268369,0.00010376646713326125
489.7534,2353963.0,0.0,23226.866818482707,54.62413088996362,0.00012350044211412132
539.7209,4261066.0,0.0,33843.51482384838,74.73626240768336,0.00014902306724985822
449.7967,884644.0,1.0,40190.10997684479,94.02185328787795,0.003601885009950958
348.3284,1644634.0,0.0,-646.6399219037371,-2.2640683553438516,9.516849498756757e-05
381.8309,1607681.0,0.0,4433.748774053986,11.665030026944274,9.97995108434618e-05
405.8193,2190708.0,0.0,8286.61418998728,21.29877857669505,0.00010346500806574764
497.6718,4733244.0,0.0,24657.88904282934,56.9269176923968,0.00012372984990831733
290.3071,2916614.0,0.0,-8708.267196001389,-27.908086256723774,8.835325678922191e-05
524.3219,351407.0,1.0,51751.9145282732,124.94391103937755,0.012015262073435708
449.949,3117967.0,0.0,15805.187021304004,38.641230805341664,0.00011167392628980831
515.3464,3153638.0,0.0,28435.78578820137,64.78342155473752,0.00013394571261892338
358.9664,3111322.0,0.0,1005.8244442963132,2.0116112835283015,9.633882901406077e-05
483.0944,3346593.0,0.0,21891.106527219967,51.62956553941452,0.00012025578404260049
345.2796,4462866.0,0.0,-949.1049103683006,-3.9064650996488597,9.441059531662478e-05
299.0055,3390228.0,0.0,-7510.501384204331,-23.985677720185226,8.92337741684292e-05
479.4825,1233725.0,1.0,43658.567064345865,99.16025416266064,0.0026837637270116263
314.078,4030984.0,0.0,-5409.667159411293,-17.31977856107267,9.08168914856193e-05
471.7436,1147437.0,1.0,42706.897581391044,97.66101349946634,0.0028504001546629638
513.9449,2594096.0,1.0,45743.72219689042,98.68330560457143,0.0010981368406565572
406.4998,4168908.0,0.0,8468.685685307431,21.244093509047588,0.0001030714746016043
509.0737,4099142.0,0.0,26990.078106680037,61.718741393176465,0.00012899278571629037
489.5047,2189587.0,0.0,23187.34722550116,54.58489440746472,0.0001235950435045458
414.607,2500841.0,0.0,9741.282688689318,24.766190006675863,0.00010489409457911672
299.1703,4844324.0,0.0,-7404.711805564898,-24.0655508719546,8.912974369009619e-05
428.424,1657545.0,0.0,12039.792677451707,30.431810887811753,0.00010774716375519267
411.1355,2438574.0,0.0,9166.080597898192,23.388787344393634,0.00010430526607548658
484.0919,4440539.0,0.0,22050.752276741205,51.68835684521524,0.00011964287855074068
496.6067,1510041.0,1.0,45661.96969039829,101.88434306310265,0.0022231037369989538
283.835,4379102.0,0.0,-9484.201272192451,-31.059208400178644,8.757490140750949e-05
406.6457,340191.0,1.0,35977.61933458747,91.27186189590844,0.009201694877426355
414.4642,1976828.0,0.0,9701.1585273069,24.80207408691894,0.00010502234080419617
325.5128,725795.0,0.0,-3989.3395050061804,-11.931234543199967,9.247045525939445e-05
426.0536,2455822.0,0.0,11656.569814270035,29.334215287064826,0.00010700644146325352
400.676,4567352.0,0.0,7542.625861504845,18.84827138391212,0.00010204604771351167
542.0699,3403040.0,1.0,48780.93031421258,102.97842886043924,0.0008284306407256923
319.0446,2951093.0,0.0,-4778.284936680943,-15.014327325355907,9.14818805931832e-05
414.8814,191524.0,1.0,37343.91143382266,99.1194422382798,0.017333564796925327
466.5167,1115121.0,1.0,42014.776831285,96.38351238946629,0.002893600656859992
467.7178,2452194.0,0.0,19018.759487789914,45.810173392636145,0.00011644120893400961
315.48,4257559.0,0.0,-5202.506864628462,-16.727081934425065,9.095094977427386e-05
557.9515,1667343.0,1.0,55135.51630075471,119.16747484834313,0.0024189426879039195
492.8709,339613.0,1.0,47250.16378197509,116.36599151358233,0.0116134521044738
414.0469,3550943.0,0.0,9682.823950272661,24.359751711342376,0.00010449723717823057
366.5892,4251045.0,0.0,2209.207320917533,5.024827226466131,9.717500489272226e-05
295.1136,1928884.0,0.0,-8120.0805042225375,-25.59948490934174,8.894026395816713e-05
518.0677,4353029.0,0.0,28843.22162783939,65.26233940570887,0.0001328350254544821
279.8709,4759596.0,0.0,-9985.362594154843,-32.955255576110964,8.71462541679492e-05
297.7974,2480384.0,0.0,-7726.129353369323,-24.436289408118995,8.918115777231135e-05
317.6495,2084483.0,0.0,-5021.022891111676,-15.527885355310051,9.141098743029017e-05
490.3176,1096514.0,1.0,45564.84831623804,103.92409227265269,0.0032169657761822864
438.1051,4291246.0,0.0,13757.844831484477,33.73942213122434,0.00010868880646247426
558.308,3274569.0,1.0,52384.59685050168,109.74499274229004,0.0009977077720630982
388.0061,864030.0,0.0,5374.090151154206,14.301857180568321,0.0001008964810223834
508.0061,271254.0,1.0,49495.96462872259,122.66302014866568,0.01515270475660202
307.5245,3001675.0,0.0,-6371.309924296806,-20.114188223416516,9.018977428091457e-05
298.0801,3187856.0,0.0,-7647.335319786426,-24.383556520607687,8.91520303215666e-05
284.791,3224951.0,0.0,-9425.064583307167,-30.495335059157433,8.775765391212789e-05
435.0445,2198514.0,0.0,13186.71974517324,32.95267523648487,0.00010887577929439203
538.4883,2306713.0,1.0,50855.09177778279,109.11748886726552,0.0015100102929395563
343.4637,1131204.0,0.0,-1386.1115921284613,-4.261073431613714,9.46187869525118e-05
378.7794,3557881.0,0.0,4044.4889247873616,10.131843370742244,9.898034476410045e-05
404.5651,4874797.0,0.0,8181.558116248608,20.357080613872775,0.0001025876271217694
455.5104,3217104.0,0.0,16796.174686323317,40.80556379649215,0.0001129010714655932
464.5445,4000577.0,0.0,18428.20852974786,44.15953260743151,0.00011465046713737919
542.2156,236109.0,1.0,54554.04152195121,133.42426735082265,0.018736136216784202
511.5088,1224324.0,1.0,48516.451653952936,109.02110498710715,0.0030239034586654243
487.4332,1544513.0,1.0,44142.624741467196,98.64561694528871,0.0020760741970475747
317.4876,2709368.0,0.0,-5009.104273037405,-15.670145044229876,9.132940089433978e-05
417.5071,2081147.0,0.0,10210.31318606401,25.99964579463596,0.00010553842667431642
278.8055,2706536.0,0.0,-10246.606074645071,-33.24984180603067,8.718310946669823e-05
294.2169,4202896.0,0.0,-8109.647526050108,-26.24937043700494,8.866075062827766e-05
356.6518,3560885.0,0.0,682.2889891886912,0.9865876416174433,9.596971031721671e-05
316.7088,3969387.0,0.0,-5047.728573863623,-16.1544312542725,9.11162951207827e-05
480.466,3169306.0,0.0,21395.38541155045,50.64475840347815,0.0001195925492598294
283.9296,166254.0,0.0,-9717.766394429715,-30.57995938528833,8.789793957005597e-05
317.2227,70200.0,0.0,-5191.377355642852,-15.483997852008846,9.156872652409772e-05
282.1585,4695037.0,0.0,-9687.396518011506,-31.874882225388934,8.738180367277572e-05
542.0444,3856250.0,0.0,34709.58765998185,76.45109183297964,0.00015542976432752695
332.3478,2706627.0,0.0,-2910.2420994035538,-9.20918262690738,9.305845700264497e-05
464.5941,2184258.0,0.0,18445.14877295362,44.6463944468896,0.00011577246207247897
468.6573,3194008.0,0.0,19184.70751648052,45.98031770074577,0.00011620189981547115
397.7086,4254042.0,0.0,7054.374755319372,17.705109630155775,0.00010165485564568129
362.398,2805111.0,0.0,1506.354819561207,3.481348856700212,9.68418433434232e-05
311.6705,4208090.0,0.0,-5732.70791931335,-18.40360259388423,9.053392271239616e-05
470.5369,921875.0,1.0,43040.42618626613,99.9211106708949,0.0036931722259793826
560.283,4566147.0,1.0,48339.95466184031,100.82010284594159,0.000489797659609262
544.0957,2752055.0,1.0,50912.85066366139,108.1138249223264,0.0012061422366927534
444.2629,2369906.0,0.0,14793.616481903582,36.564806535210685,0.00011075722863509597
448.2168,2676808.0,0.0,15493.965150635602,38.057828725722636,0.00011149347720063374
421.6601,4031080.0,0.0,10962.230904618045,27.300881974940314,0.00010569102091897376
317.6371,771054.0,0.0,-5095.024530880771,-15.382604897646313,9.154408473597013e-05
440.1432,4420622.0,0.0,14112.033528643198,34.51392795113374,0.00010904462916826537
554.7331,824666.0,1.0,55744.45342796722,125.57560004323027,0.005243052897328892
279.9781,4363748.0,0.0,-9994.574214484626,-32.86490018051483,8.71848795668402e-05
333.2541,2886547.0,0.0,-2770.9245674242134,-8.84089448732733,9.314576814876766e-05
390.4789,2749332.0,0.0,5842.441114929169,15.01646297971352,0.00010087082788958512
372.4556,2054967.0,0.0,3001.0693601519297,7.748717233065316,9.835272323907382e-05
442.9715,4362446.0,0.0,14600.690871845945,35.63500201106539,0.00010963887531752836
471.1672,3000653.0,0.0,19651.502166306473,47.02166119320097,0.00011701469336465366
532.8791,4609466.0,0.0,32069.98016929945,71.33560986664975,0.00014126239854512785
365.642,3695641.0,0.0,2039.1181899307346,4.707636521095064,9.713647537299795e-05
296.7717,2475121.0,0.0,-7865.045533304226,-24.90199535701858,8.907192915810033e-05
320.4848,3249817.0,0.0,-4560.21435876362,-14.417879409801472,9.161542044920633e-05
355.1833,4201515.0,0.0,495.80998788496646,0.29016348215144216,9.568823399116147e-05
380.5463,3477328.0,0.0,4315.07639313763,10.865577432783251,9.924893973555686e-05
280.1902,1306515.0,0.0,-10146.238287211783,-32.453431851461694,8.742512897775816e-05
424.2828,2167652.0,0.0,11349.66393610946,28.684814610178858,0.00010676728989832586
407.3776,347589.0,1.0,36046.303731339634,91.2751167907601,0.009009851819655815
333.7879,3804289.0,0.0,-2645.4665877512257,-8.72098004670034,9.310267890364763e-05
441.3989,141255.0,1.0,40722.08840134716,109.4684228467487,0.025403933234831647
429.8956,3350127.0,0.0,12331.174096208078,30.686444134134366,0.00010743250475893286
543.3451,617761.0,1.0,54251.996669596774,125.12463261629418,0.00694873413142636
394.1962,2983894.0,0.0,6442.640113996331,16.485807659691133,0.00010139333716909459
535.3285,928766.0,1.0,52612.96585268295,118.91147899398582,0.004405941234030803
289.7758,479021.0,0.0,-8920.388404644244,-27.89631502452444,8.848990694481523e-05
362.1686,4131933.0,0.0,1536.2565668208103,3.2096474025319766,9.660592213291678e-05
480.9811,3260227.0,0.0,21490.796345119183,50.820605290386105,0.00011967449227575478
295.9244,1549873.0,0.0,-8032.496522300562,-25.188967451658495,8.905843924956513e-05
331.4265,1684728.0,0.0,-3096.4749823532425,-9.483770457000855,9.30670132284453e-05
429.8903,3176000.0,0.0,12325.910888802993,30.71772838492237,0.00010749214102109242
404.5199,199105.0,1.0,36092.49281773297,95.75512418845786,0.01616986758417502
278.922,2219164.0,0.0,-10259.922821846654,-33.14518435062886,8.722957177593918e-05
419.2141,325366.0,1.0,37551.40996134632,95.42833288592288,0.010034546537824476
540.994,1551678.0,1.0,52578.921238547606,115.0326499365574,0.0025046664310552844
324.1789,2651927.0,0.0,-4073.5646356930815,-12.73770728981847,9.210321607866902e-05
378.8845,4609013.0,0.0,4108.230231890043,10.025709642711208,9.880351812562581e-05
482.5901,3462402.0,0.0,21791.370979335254,51.39419400429868,0.00011999924886697445
438.03,2446916.0,0.0,13707.568248352563,34.08371311336717,0.00010939311500548726
405.0232,3547342.0,0.0,8205.926564423293,20.754347522493067,0.00010298594146929877
415.5716,3279827.0,0.0,9925.947018489896,25.01426932147942,0.00010483827695658182
323.5169,4228018.0,0.0,-4080.638504525029,-13.207200809457916,9.186019815232156e-05
281.7016,2782097.0,0.0,-9860.106596956733,-31.894272609795166,8.747314288208387e-05
478.4608,4358743.0,0.0,20991.673186256576,49.50799515876064,0.00011808018627511647
340.9675,868930.0,0.0,-1763.435021945053,-5.291257025982166,9.433876452626107e-05
304.0722,2333225.0,0.0,-6881.758786212617,-21.58663106621631,8.987225865017529e-05
366.8073,1358710.0,0.0,2105.460294718307,5.510345536360537,9.768003934895142e-05
322.4362,2576915.0,0.0,-4323.157261772958,-13.488358918476633,9.190945856867628e-05
475.5093,2349587.0,0.0,20477.380986645083,48.9285627271201,0.00011875525825753475
371.7459,4767960.0,0.0,3018.25622108048,7.079897840155984,9.778746529278233e-05
289.5541,1392000.0,0.0,-8897.279012411736,-28.095290288893853,8.839398615045479e-05
304.3574,4479894.0,0.0,-6720.827130398514,-21.69124015387539,8.971374941965304e-05
489.6496,911697.0,1.0,45820.37260208494,105.79328181897465,0.0039746196812353324
461.3784,560688.0,1.0,42512.73487898205,102.49641063357039,0.006291913926618819
531.9541,659123.0,1.0,52473.169263282296,121.30600505479134,0.006325178006782631
280.4438,75025.0,0.0,-10184.79783374272,-32.20665752776805,8.754139221788993e-05
498.249,677563.0,1.0,47475.56574388327,111.38807641767268,0.005658004543803961
470.2315,4700785.0,0.0,19464.74039811733,46.204742083294576,0.00011565977153500854
368.5336,2072146.0,0.0,2401.672877972238,6.126336801444829,9.779929774771884e-05
319.6537,1083000.0,0.0,-4795.630109869589,-14.532735987454075,9.174482698069687e-05
543.3366,3514081.0,1.0,48673.18075795303,102.61495667830818,0.0007841016805559762
318.2657,3039211.0,0.0,-4882.26273738735,-15.365913444292321,9.138444622010486e-05
486.95,1463724.0,1.0,44262.521672724484,99.24806347430041,0.0022242547884626395
435.2533,1296760.0,0.0,13205.949446458424,33.22290410850547,0.00010928004623202922
451.0073,1844434.0,0.0,15982.893648611762,39.35263989711072,0.00011254703215450596
557.9959,3219330.0,1.0,52448.207137407124,109.95894679931213,0.0010230410090226096
445.2579,2032551.0,0.0,14964.454235885618,37.03306975771026,0.00011113138566526828
479.205,3138061.0,0.0,21156.91636330917,50.15555331133193,0.00011923476487375863
416.3458,2477242.0,0.0,10029.018966996657,25.464702536911243,0.00010520970013157074
372.209,4402417.0,0.0,3071.851518855547,7.320136987648891,9.791206599272868e-05
465.8252,2031237.0,0.0,18673.64803288197,45.17572096163056,0.00011620672922739848
395.8812,2705444.0,0.0,6700.652097018138,17.21052223416838,0.00010172007640983004
517.8729,274054.0,1.0,50913.85693322347,125.34413703671066,0.015311665279292827
331.8283,938438.0,0.0,-3078.6460940668208,-9.220419037207295,9.320318518632352e-05
485.0898,3431555.0,0.0,22270.53316900113,52.392201259864706,0.00012081214933376194
441.3644,677032.0,1.0,39549.95143269195,94.51563034632007,0.004786482119091228
556.0675,788226.0,1.0,55997.19939322061,126.38356905736818,0.005518561034473236
469.0873,1801397.0,0.0,19282.72536156763,46.53607656723358,0.00011728243182500015
302.0811,1534682.0,0.0,-7198.6251032402915,-22.395530369950176,8.972578879409573e-05
414.0378,674744.0,0.0,9590.884364383921,24.86647357957352,0.00010533724848897905
284.2289,3484814.0,0.0,-9484.411297455641,-30.78404792781367,8.768069109693829e-05
474.6623,431558.0,1.0,44570.826900581815,108.925658865058,0.008642618520767899
299.2386,4849194.0,0.0,-7395.189263905656,-24.035175443934524,8.913655958975544e-05
347.3098,3968657.0,0.0,-677.7184037489468,-2.987817077270865,9.472601211993066e-05
558.0309,3828118.0,1.0,50895.73927116878,106.21208348360746,0.0007558671868321007
280.4413,2191499.0,0.0,-10061.2080918396,-32.4260437776763,8.73868448170521e-05
488.6676,3258618.0,0.0,22968.407159221137,53.86870574571075,0.0001221553697791728
344.2638,1643003.0,0.0,-1242.9920760531318,-3.98571652231018,9.465189019453453e-05
545.3628,3738636.0,1.0,48269.93271413532,101.56931390770525,0.0006950028084318715
280.7568,4757952.0,0.0,-9868.704078627257,-32.53857291994513,8.723565073860127e-05
467.8014,1133290.0,1.0,42159.27845323443,96.58113844417804,0.002850335722131086
427.4045,4030569.0,0.0,11927.098836919746,29.573796057297205,0.00010673459133946039
527.3235,1169087.0,1.0,51030.340238844205,114.1994142258882,0.0033399230551965304
523.7249,3965141.0,0.0,30137.39495129635,67.84713462117195,0.00013698031956749595
371.5399,4652740.0,0.0,2981.3592210581246,7.010932610147917,9.777861983397024e-05
476.8075,143603.0,1.0,45348.69694393191,119.4122253501385,0.027125787834920492
316.1116,159241.0,0.0,-5341.633142624419,-15.984217367657527,9.143100192093106e-05
538.0428,367833.0,1.0,53766.83485277818,128.36910833866224,0.011794597461887345
379.1321,3138883.0,0.0,4080.435252813161,10.336209483732025,9.910866466946656e-05
484.8244,4543288.0,0.0,22187.185249255053,51.94458719700168,0.0001197775874502603
306.8273,3076773.0,0.0,-6462.700202633132,-20.433745328965475,9.01065290456559e-05
388.8111,1897634.0,0.0,5543.5037918265925,14.46966476162513,0.00010079745842201872
554.798,1310153.0,1.0,55124.543323134014,120.91992725217155,0.003160412598245968
400.5984,4108846.0,0.0,7512.221569431823,18.889221078496814,0.00010214016283433549
409.7233,3355990.0,0.0,8965.430680972606,22.667313256516564,0.00010381456613874902
424.6975,1804454.0,0.0,11410.348063305624,28.919209601557043,0.0001069694265188119
448.8781,3820250.0,0.0,15624.64568029128,38.06543768643796,0.00011111337222480441
520.7948,2538963.0,1.0,47204.36576510496,101.62907908338325,0.0011962865059634926
414.1214,4131784.0,0.0,9714.620217066582,24.290063261057696,0.00010434913400518381
479.4254,3026562.0,0.0,21201.623540436558,50.27658124028933,0.00011939292309244279
476.064,2824323.0,0.0,20570.890291416028,49.00671084622282,0.00011854569269443522
326.8537,2029753.0,0.0,-3729.003604375805,-11.502795608495013,9.248385735227762e-05
553.1122,3153151.0,1.0,51675.469941293995,108.69016839597876,0.0010278945974902599
483.1067,2293028.0,0.0,21931.260451943483,51.975977148162585,0.00012122176833876411
474.3413,1876067.0,0.0,20268.57097617558,48.60731098822843,0.00011878258180930377
432.0222,810740.0,0.0,12638.907170608702,32.03747168652386,0.00010879902094196263
291.4384,1001404.0,0.0,-8667.514914360463,-27.185344530967964,8.862459811849635e-05
341.6716,2254879.0,0.0,-1589.3811817591618,-5.164196554442334,9.424786892961695e-05
311.3269,1734674.0,0.0,-5918.731654662105,-18.281142503012386,9.073028535621775e-05
327.2543,2825171.0,0.0,-3629.210215833108,-11.42254477417086,9.24429225869204e-05
405.1699,1762234.0,0.0,8165.703515014396,21.109927805634957,0.00010346801394394677
284.7594,3920652.0,0.0,-9388.557769771602,-30.581463395159577,8.770292510800674e-05
288.3414,3643616.0,0.0,-8928.465231419485,-28.890846822340446,8.809254740734255e-05
515.2508,856411.0,1.0,49686.04928802363,113.95785025199629,0.004577383178606469
420.1841,537012.0,1.0,37130.27100953285,90.60775920690925,0.005798839773053842
363.9594,1966364.0,0.0,1701.9299699576045,4.24390689167314,9.718680336211499e-05
531.4059,239793.0,1.0,52940.57422854605,130.29237111475206,0.01805041726945818
557.7499,2101401.0,1.0,54455.68943942139,116.31247165151964,0.0018311255819965155
437.9253,2383779.0,0.0,13688.2725603362,34.05542670563719,0.00010939693372769372
522.1224,4687088.0,0.0,29663.693823255053,66.75410348672519,0.00013427705480523365
461.6593,2660276.0,0.0,17905.314945930208,43.36232749504743,0.00011471106804060609
450.9199,3125740.0,0.0,15977.334617613336,39.021483085620794,0.00011188895491624506
531.8501,2452805.0,1.0,49400.5495854618,106.010291680587,0.0013429760904164621
506.5884,3213495.0,0.0,26565.609594112928,61.10811714169121,0.00012929407965441128
486.9444,1705102.0,1.0,43648.36368713089,96.99241991125706,0.0018068200811489923
344.9139,2545276.0,0.0,-1101.6509361238855,-3.823330965236328,9.461432828448309e-05
350.3488,6327.0,1.0,30779.660207792364,109.93740036921147,0.45943041740745044
417.0814,3396497.0,0.0,10179.973062488672,25.595018372088273,0.0001050690254487864
363.3342,531517.0,0.0,1539.4939543739413,4.1809855903232815,9.733595798360972e-05
546.2034,1632992.0,1.0,53288.094542084364,115.97089340704706,0.0023952448195998463
285.1956,1676747.0,0.0,-9461.6899143342,-30.14668386172064,8.791555919823065e-05
429.8821,4717548.0,0.0,12364.913169928865,30.423944851203768,0.00010696711293898773
443.7479,402869.0,1.0,40489.57715787781,100.57522305578254,0.00856424430866655
474.9821,2297554.0,0.0,20379.064679708143,48.7346837045112,0.00011863794531121408
399.8865,2320700.0,0.0,7329.188863532422,18.888935068524102,0.00010245148902034035
377.258,4259272.0,0.0,3840.9793599147374,9.410152524491659,9.863755318297172e-05
379.5559,3456438.0,0.0,4160.341508301777,10.463886570782208,9.911034807365266e-05
557.9936,525616.0,1.0,56611.35061436336,130.69354316013792,0.008487489078567884
402.6251,4527060.0,0.0,7854.873238528519,19.635935028814156,0.00010236243949868561
352.2924,348195.0,0.0,-125.22103836129845,-0.42212957946595464,9.586980732325259e-05
424.6959,1146139.0,0.0,11393.677004455449,29.04594281872465,0.00010719720900060393
330.0696,3633235.0,0.0,-3185.588363841313,-10.30033919233737,9.268322562993472e-05
282.6662,3108794.0,0.0,-9713.395243086754,-31.475673337738186,8.754812509255442e-05
330.8971,4736841.0,0.0,-3008.1564811485623,-10.072912715442694,9.265687988728554e-05
356.9087,1136414.0,0.0,601.3880229659392,1.4133225102989613,9.636530680870235e-05
414.5251,1942836.0,0.0,9710.202922127848,24.83250794081619,0.00010504325885766571
423.0048,4886658.0,0.0,11213.228097128655,27.681100568471383,0.00010567151996340939
299.853,3055793.0,0.0,-7414.802566573495,-23.566341214222064,8.9352768475426e-05
410.4484,149265.0,1.0,36914.79326481127,100.08230580113643,0.022173563112793053
513.2009,4070146.0,0.0,27850.48528792243,63.409420371857045,0.0001309451658830571
388.1228,4246013.0,0.0,5533.331001854608,13.835941834912852,0.00010020542633373922
362.1543,3724254.0,0.0,1514.2185305444198,3.257577712236528,9.666653790611521e-05
472.4098,4689711.0,0.0,19864.911960479767,47.056509244317645,0.00011622515924416323
408.1092,3849122.0,0.0,8719.072901902857,21.93989466544331,0.00010341641874396907
557.7755,2645816.0,1.0,53547.15848820781,113.14333768302453,0.0013590027444544638
358.5909,3012704.0,0.0,944.7784981688508,1.867937984524335,9.630422740303628e-05
410.458,1519993.0,0.0,9024.39320938742,23.277271750500837,0.00010444565671813547
456.2397,929443.0,1.0,40986.58309006636,95.43007648116718,0.0034768500072616957
433.7331,3099491.0,0.0,12980.30595035985,32.25230748951706,0.00010826876241017446
457.5573,4591501.0,0.0,17172.214068082536,41.28969517152291,0.00011267817946228956
301.6179,3616249.0,0.0,-7143.149206149745,-22.82969430611193,8.949421606441443e-05
363.7406,823079.0,0.0,1614.7513070860207,4.30993166086067,9.734396908876046e-05
412.3337,919615.0,0.0,9315.374456631494,24.13736629828263,0.00010495375536795191
428.9879,4671440.0,0.0,12212.38494455845,30.080238210150636,0.00010681725084860426
376.9179,376057.0,0.0,3615.306401614464,9.830870088743172,9.931065411843276e-05
320.3955,2683987.0,0.0,-4603.855364141427,-14.392254185014835,9.166354988342701e-05
376.1555,69850.0,1.0,33244.15267627604,96.91114064189452,0.043938288606947394
489.7565,1562719.0,1.0,44464.59082548771,99.22742689934294,0.002065095812690827
553.5518,4390250.0,1.0,46883.059170123175,98.35598512427308,0.00047287353479826764
472.7498,2129114.0,0.0,19962.371336526412,47.89741059412754,0.000118104333915651
379.6561,2803561.0,0.0,4146.906007298603,10.599068806574026,9.924740579370394e-05
394.4548,2557729.0,0.0,6466.90015102329,16.656984063635782,0.0001015292767556263
404.2458,3697978.0,0.0,8085.425472145865,20.4182364994048,0.00010282208147207248
383.8647,2545658.0,0.0,4792.130581991107,12.356474865444468,9.991524710818893e-05
377.9774,1148012.0,0.0,3813.4329873802353,10.1526639873837,9.931814392394145e-05
490.0765,1944174.0,0.0,23316.030367254367,54.909678724489495,0.00012409975946291993
487.5508,3272249.0,0.0,22751.114959301758,53.42012871055069,0.00012176559848680159
443.4756,228845.0,1.0,40812.884882863116,105.77651329980293,0.015533986849063545
348.7179,704735.0,0.0,-636.5302950268298,-1.9781664601483955,9.535007890615219e-05
384.8385,1832347.0,0.0,4914.552070927019,12.860687973936678,0.00010020549056521872
414.2579,2162338.0,0.0,9672.763744853602,24.686549234366247,0.00010493109485074822
487.096,1429240.0,1.0,44366.33526724295,99.6212215116195,0.0022956325508297817
385.9435,4584563.0,0.0,5205.900652840086,12.902457753253731,9.981867105504223e-05
350.8051,4507131.0,0.0,-136.43599766303592,-1.5835243638990995,9.509096945829252e-05
540.6363,391017.0,1.0,54127.26517037554,128.54489989419463,0.011132373429421123
368.8639,2176587.0,0.0,2456.912911151068,6.2484535900292855,9.782746745874407e-05
394.7884,1142292.0,0.0,6465.073610968652,17.01719809377863,0.00010190856226989097
496.409,3788638.0,0.0,24459.46222709349,56.76340067445485,0.0001243204830505277
425.9285,4018273.0,0.0,11677.852943889942,28.992697725103795,0.00010646676908625455
525.2399,625254.0,1.0,51514.38081618819,119.90572813782809,0.0065878327122704215
554.1861,893024.0,1.0,55573.48303261675,124.64840075115957,0.004807536180610755
488.3382,870866.0,1.0,45705.60225522229,105.89850484565851,0.0041703300722433275
454.0672,4593090.0,0.0,16551.261013940915,39.92700312012443,0.00011189515505119572
391.0936,4576954.0,0.0,6015.821272198911,14.989068025130074,0.00010057916085465407
300.3784,4056031.0,0.0,-7286.292942560497,-23.43589169839498,8.932407280801943e-05
331.5047,4229789.0,0.0,-2948.9442177206524,-9.752181562027477,9.278465027938108e-05
363.2565,1807443.0,0.0,1588.0871468961072,3.9732764251072004,9.711666561898068e-05
355.351,144291.0,0.0,320.3344900243609,0.8925132812040468,9.630820221825992e-05
478.518,1333002.0,1.0,43278.71276924463,97.83860259302325,0.002423637133554257
349.2613,2367130.0,0.0,-472.7140208969917,-1.96257304314232,9.518799670371537e-05
323.3974,2826107.0,0.0,-4174.23204346259,-13.098129531726698,9.199410543571073e-05
392.4805,2732794.0,0.0,6159.412738305126,15.830407087621907,0.00010118261649449172
541.3105,4591109.0,0.0,34104.34058626745,75.12790304679176,0.00014874496591412112
288.53,3485194.0,0.0,-8912.543741444122,-28.787254257975704,8.812419949477778e-05
284.3317,2016546.0,0.0,-9556.589477774534,-30.58477918357095,8.780033206791598e-05
288.9892,1548730.0,0.0,-8963.70414994593,-28.37279244726646,8.832217411956177e-05
432.6466,4207275.0,0.0,12821.011709384393,31.60849855769551,0.00010765952925506217
386.7185,2675941.0,0.0,5245.670358652713,13.499757650068517,0.0001003154885901561
336.7331,2021882.0,0.0,-2316.707340144801,-7.243898770214907,9.366928250659491e-05
372.1094,4704236.0,0.0,3070.7984573486006,7.2379273998892435,9.784767709946085e-05
459.4067,3457043.0,0.0,17497.332217535546,42.27886410700761,0.00011370046950924431
529.3188,1500055.0,1.0,50809.85943188942,111.96905038087893,0.002515415042405088
301.2398,4723381.0,0.0,-7131.1712321076375,-23.118416104595976,8.935935524434544e-05
298.724,464865.0,0.0,-7715.73001555128,-23.797859808900956,8.94533086709258e-05
347.4027,759190.0,0.0,-827.5494536827352,-2.541881084537787,9.517230545758538e-05
517.1522,309111.0,1.0,50761.51561289866,124.07608376400793,0.01350799908790698
433.0575,3829200.0,0.0,12881.770341536925,31.842994319136306,0.00010787173466814541
399.9565,142654.0,1.0,35703.49977605903,97.45800162180983,0.0225773948817181
333.6548,4366901.0,0.0,-2634.3911202929557,-8.844683578739552,9.30220892748858e-05
491.708,4262227.0,0.0,23516.263937738368,54.736219872533944,0.00012218749601900032
521.556,2383208.0,1.0,47753.7314143978,103.0600284513055,0.0013276430919561336
390.0005,3228069.0,0.0,5786.507380784359,14.749492724722241,0.00010069617733580744
547.1942,3318706.0,1.0,50106.09720835721,105.54618997424055,0.0009069546115989414
322.3548,698905.0,0.0,-4436.922611928188,-13.305290490902244,9.210075137509733e-05
352.5647,1487499.0,0.0,-28.44094346560055,-0.4572290437579024,9.573900841496125e-05
539.2161,3428931.0,1.0,48055.567519379496,101.59790891417738,0.0007922255107476501
441.9354,1442605.0,0.0,14372.989804660549,35.84721084736202,0.00011066141210006225
483.9018,976036.0,1.0,44859.4303170784,103.3184177485828,0.0036102722003560675
491.9328,1769862.0,1.0,44289.30508060514,98.06618555824062,0.0017576087882289245
320.9595,3213001.0,0.0,-4495.691507615418,-14.206179542326616,9.167340763806184e-05
533.0819,3857967.0,0.0,32340.94847441963,72.04534860521761,0.00014448716102556628
427.507,1959449.0,0.0,11890.748961378556,30.007642895288146,0.0001074588222506605
516.6358,3584337.0,0.0,28647.06498030204,65.08118433653372,0.0001336959541620947
556.2733,3844956.0,1.0,50453.23201036589,105.39528738806919,0.0007369235256778386
548.6374,800734.0,1.0,54829.948200460116,124.14741307110337,0.005337391857783319
378.879,3211891.0,0.0,4044.438867352415,10.222147078388687,9.905866908856725e-05
451.6893,4714460.0,0.0,16132.29764318562,38.97198061929086,0.00011131994916517001
493.5356,524007.0,1.0,47051.03526168962,112.52694888286253,0.007370991605189732
447.7321,1898717.0,0.0,15400.435640378384,38.04292626943168,0.00011175564688540627
521.6266,447304.0,1.0,51225.97133079184,122.00430066002077,0.009297817318552266
334.2873,4262184.0,0.0,-2549.426151079807,-8.561094581101258,9.310892486690847e-05
372.2334,3120052.0,0.0,3015.883569459642,7.5074804043117,9.81347126615667e-05
371.2232,1260374.0,0.0,2775.7206806007607,7.352815860566915,9.831898885892877e-05
288.2469,2277201.0,0.0,-9020.538192063563,-28.79246510404829,8.81876716738944e-05
536.7447,1151033.0,1.0,52513.14794875617,117.10233598353265,0.00348694072439121
494.6782,172666.0,1.0,47756.61358346597,122.86464617913589,0.023378280584353074
367.4133,1369957.0,0.0,2198.261175152508,5.760139171259527,9.776265405848999e-05
548.5923,178578.0,1.0,55581.345529200866,137.59265382816855,0.025195193834887775
404.5064,2610299.0,0.0,8087.810850861512,20.701124576837852,0.00010313723606929794
346.414,1444268.0,0.0,-938.191413987696,-3.048546374816851,9.495125890694e-05
390.7889,723346.0,0.0,5810.188563204043,15.45832631480148,0.00010136563577219107
301.8363,4676701.0,0.0,-7052.83211852739,-22.844779008357577,8.942685001196966e-05
279.0491,1601441.0,0.0,-10279.460426238067,-33.02201048570318,8.728668903255732e-05
309.3564,4779426.0,0.0,-6019.2505911257085,-19.492704710201554,9.022787701834037e-05
428.837,546971.0,1.0,38218.89138742699,93.03554463066467,0.005849754333145828
556.1232,980141.0,1.0,55766.0252909714,124.27645175489941,0.004366731629270757
396.9065,513906.0,0.0,6781.658588682395,17.979128475176484,0.00010240510919757949
525.5239,3830677.0,0.0,30570.72155125079,68.70841287965544,0.00013856807877333808
364.789,1588363.0,0.0,1809.6639954848683,4.640487682231479,9.736225969588419e-05
306.8676,2048370.0,0.0,-6515.213571110889,-20.302726188747247,9.020481360487927e-05
450.3822,1293481.0,0.0,15868.411758746051,39.23629516340744,0.00011268461145635406
427.5432,3511997.0,0.0,11936.427550928922,29.725218784951277,0.00010693188456814947
440.102,4755797.0,0.0,14112.112867400894,34.43111735536955,0.00010890843326788703
552.1998,3178952.0,1.0,51442.295359900156,108.22070374474325,0.00100905105862484
338.5301,1798758.0,0.0,-2068.81172927431,-6.447695814471584,9.391721184901014e-05
451.5815,91126.0,1.0,42114.0992437354,116.16772053777218,0.04065979442261445
422.8534,4807370.0,0.0,11185.472422143512,27.63528365023738,0.00010566858301547519
331.5286,3012892.0,0.0,-3010.931301001445,-9.598319504922538,9.292567108074232e-05
376.3357,1488936.0,0.0,3573.847046699912,9.427782771069147,9.901294167436714e-05
314.5065,2571608.0,0.0,-5431.632224133946,-16.967531375261334,9.100623970414967e-05
401.7126,4469889.0,0.0,7705.592170028695,19.27928714177045,0.00010223164437481996
387.0237,2151795.0,0.0,5271.767267536331,13.703229338746347,0.00010047026911923646
380.5095,375628.0,0.0,4174.749213567894,11.308204586423088,9.984835678503839e-05
299.9331,4652307.0,0.0,-7312.460801913179,-23.700422789156786,8.92265217455015e-05
416.3452,871038.0,0.0,9981.131727857728,25.756508643733365,0.00010570127407589048
489.1204,2209538.0,0.0,23110.223078130603,54.42224104927567,0.00012342924856076186
328.3038,4892693.0,0.0,-3368.1689999708155,-11.208922227542478,9.233908099226338e-05
487.7622,2085246.0,0.0,22849.460615860764,53.919736958631766,0.00012306764291958617
350.8418,1618850.0,0.0,-277.08305700186173,-1.1999054268609957,9.549599892191154e-05
394.9122,3318866.0,0.0,6570.2318303792135,16.723092296411462,0.00010143003795391916
514.0878,3725029.0,0.0,28080.50977643255,63.94558949592169,0.00013203509696972464
457.4152,3998577.0,0.0,17142.21588477357,41.37033124539979,0.00011294413428655129
463.8926,861308.0,1.0,42227.898020863235,98.67454689096171,0.003909915310666533
410.3135,2344673.0,0.0,9027.743824761836,23.075809014430252,0.00010418935345144318
338.4845,3464675.0,0.0,-1987.997915407696,-6.670639023940059,9.370615500333302e-05
396.2833,492547.0,0.0,6680.55154424338,17.72970312587195,0.00010230767009303853
426.3308,2317246.0,0.0,11699.964073766987,29.470843135091595,0.00010710676932778437
485.1193,851935.0,1.0,45275.62670674734,105.17855153593932,0.004234646140357026
466.657,2310944.0,0.0,18824.22248702829,45.42894846840489,0.00011624646971861631
399.1394,3393297.0,0.0,7249.868441684302,18.4158415702523,0.00010207632746716243
466.5823,3723075.0,0.0,18800.300546781775,45.02729926903602,0.00011532677804198333
471.7082,262878.0,1.0,44462.071774174634,112.63875721536282,0.014419492084737405
511.8527,3220957.0,0.0,27672.38717283894,63.27964901881178,0.00013187631810932413
298.4204,3554117.0,0.0,-7580.290828521617,-24.268248822088083,8.915765777541756e-05
365.7617,1204655.0,0.0,1939.2688497131169,5.097681054097421,9.756055626605046e-05
388.813,2321973.0,0.0,5561.242838379644,14.405330223718684,0.00010070711013533774
327.9603,1043416.0,0.0,-3624.9246091291116,-10.905929521808197,9.272590695787288e-05
392.5154,397265.0,0.0,6072.836728339838,16.213482616547452,0.00010171684486953284
446.1471,1931514.0,0.0,15120.242339081618,37.407824043096284,0.00011137867879278461
455.1385,2436712.0,0.0,16725.733325754663,40.844636330537,0.00011322311073029425
509.6462,230985.0,1.0,49787.321415162434,124.53883151616122,0.017930939329451737
527.6986,490590.0,1.0,52064.59295885407,122.8671299476848,0.008555158385105247
514.9953,2054769.0,1.0,47414.24071001876,103.32672681778702,0.0015938878767670734
530.3978,2194315.0,1.0,49707.045253666656,107.2922177539352,0.0015609616975223466
315.9888,2983148.0,0.0,-5202.741915196944,-16.360352201862916,9.113263231437044e-05
459.7956,3407849.0,0.0,17567.362296290157,42.44341205536236,0.00011382135122702161
376.0112,203502.0,0.0,3467.1262512233357,9.482756697751624,9.920963051137985e-05
395.4694,1166280.0,0.0,6575.146631167845,17.289583122273946,0.00010201281967469358
396.3921,3772252.0,0.0,6824.629666330702,17.24977175571152,0.00010155860066566186
435.0851,4651433.0,0.0,13248.244264641618,32.48283901402442,0.00010796946007993549
503.0945,2994431.0,0.0,25865.557885839866,59.77727506665764,0.0001280569927383001
380.0978,1469337.0,0.0,4157.306692926671,10.975591342816182,9.956910521362378e-05
325.1096,2725931.0,0.0,-3938.1414057009447,-12.341570403313789,9.220340354239087e-05
457.2292,2922951.0,0.0,17103.37554801214,41.551654295142804,0.0001134653187029268
503.7335,3356106.0,0.0,25963.145828054086,59.87922153440582,0.00012779077867875797
366.7145,4258988.0,0.0,2228.5729203804544,5.0755393032769,9.719054067556843e-05
323.9624,173187.0,0.0,-4238.4970060308815,-12.541239824065709,9.234796625419699e-05
380.9647,1698803.0,0.0,4302.397338849112,11.29680904386267,9.965258089986658e-05
282.1862,3163110.0,0.0,-9773.700639740182,-31.706031668342593,8.749505810488371e-05
406.4082,3214518.0,0.0,8418.995988396779,21.36412748300629,0.0001032979222959712
284.5282,919760.0,0.0,-9594.43087968207,-30.379058431048,8.790334892214042e-05
313.0754,1561503.0,0.0,-5686.342411129406,-17.48639898226353,9.094385440888427e-05
482.6955,3016947.0,0.0,21825.375943607996,51.575595512828556,0.00012041939293963272
426.4478,1339283.0,0.0,11695.828449645473,29.707219195118093,0.00010747200437762499
496.2223,3521523.0,0.0,24438.254774647994,56.78764403327628,0.00012456060996843152
330.1904,4249069.0,0.0,-3135.1371345242255,-10.32035988624071,9.262865973085433e-05
519.3654,2413028.0,1.0,47287.31735560588,102.08898323700777,0.0012862615428759227
543.7448,3890470.0,1.0,47025.98686327255,99.10355556081231,0.000602172564866505
503.8087,316913.0,1.0,48830.97401518119,120.09330442016616,0.012789084300427448
349.5417,3640009.0,0.0,-366.755115849176,-2.0058341940629534,9.504950771419835e-05
472.8719,1395811.0,1.0,42252.780312449344,95.375065158091,0.002225037095228201
520.919,2622064.0,1.0,46988.4437116802,101.0286192344869,0.0011346343823805155
432.6243,1434757.0,0.0,12754.650671011888,32.148242837428825,0.00010867788169193104
322.704,1547773.0,0.0,-4341.598169314873,-13.25207184776122,9.205011059150592e-05
297.4096,4817934.0,0.0,-7644.169558217899,-24.860443320880957,8.894623108165344e-05
484.8256,3956726.0,0.0,22203.270447276966,52.122970628457956,0.0001202677325771323
323.2403,3108801.0,0.0,-4180.905790474656,-13.199184963497549,9.194602241882488e-05
551.6592,763195.0,1.0,55344.42352087398,125.45746858103237,0.0056563248157386675
455.2915,3887772.0,0.0,16761.89699528706,40.56431469141871,0.00011251085128517082
449.9066,701698.0,1.0,40647.955844361415,96.71623769592811,0.004727961803532154
424.784,1807173.0,0.0,11425.054567511797,28.95314944144387,0.00010698509542756122
468.2452,836078.0,1.0,42897.78651023679,100.3287839553924,0.004105680672332564
550.5531,1756453.0,1.0,53803.11487133325,116.39034133420552,0.0022256390965536875
424.4402,2668234.0,0.0,11389.594866509415,28.65304807460889,0.00010663036087901482
514.0364,4474107.0,0.0,27979.5719941691,63.55788386821577,0.0001306315598467927
443.1627,4387934.0,0.0,14634.389197746043,35.704751002061364,0.00010966770082148734
433.999,2844619.0,0.0,13020.276550267195,32.4080792248075,0.0001084166173399834
377.8785,2197942.0,0.0,3844.236317885509,9.958550800165614,9.910384837817459e-05
371.4541,3415963.0,0.0,2910.2908494574363,7.14547819537394,9.797554373149427e-05
523.6444,3339082.0,0.0,30255.618766333846,68.23770640819491,0.00013880656064950225
445.385,1021829.0,0.0,14976.857085443404,37.31372364895606,0.00011164150987736876
367.6881,1092017.0,0.0,2227.266953996825,5.913015677208233,9.784867880169965e-05
476.4318,4455732.0,0.0,20611.616691576786,48.688053773832934,0.00011745006562617945
476.5009,3290371.0,0.0,20643.290328627267,49.04283643413681,0.0001183151625818819
370.6642,446925.0,0.0,2653.0889887816356,7.23789946090818,9.838470550688982e-05
362.6575,4826672.0,0.0,1643.7802879681742,3.32118378772926,9.656443652977556e-05
299.6234,2175981.0,0.0,-7496.212891863978,-23.575597631793393,8.940325291039565e-05
538.9437,3716981.0,0.0,33920.54745670495,75.03085978008107,0.00015199041892508984
488.3401,718725.0,1.0,45981.014656621475,107.90707746803791,0.00516629808793489
399.9462,37294.0,1.0,35963.012713417105,109.07042751705471,0.08844863676856846
352.384,4518590.0,0.0,97.12749305651606,-0.9223284739506872,9.528808634283963e-05
507.269,1998131.0,1.0,46250.98815010423,101.22766323720275,0.0015969269299678929
323.9243,1941122.0,0.0,-4148.162821163204,-12.76583277613221,9.215010864549534e-05
330.2153,3655414.0,0.0,-3163.649158130833,-10.240112394786633,9.269784564083861e-05
348.4766,586335.0,0.0,-678.0482469626465,-2.06488363262783,9.53354724587889e-05
545.756,2329200.0,1.0,52050.78030877715,111.25990998898223,0.0015360675346108993
451.4601,3762698.0,0.0,16079.832789065782,39.09082775676481,0.0001117073735800597
514.466,3219818.0,0.0,28233.911443317902,64.37418801811233,0.00013329347131175952
525.0872,1987722.0,1.0,49239.40395285024,107.0517470611688,0.0017434730489704143
546.9047,1473816.0,1.0,53638.37200928619,117.3530604390963,0.0027057461877317015
394.1626,3843684.0,0.0,6472.046063077126,16.339460321256826,0.00010119884234210356
315.5416,4701657.0,0.0,-5169.143516382934,-16.749330849232095,9.09148869697818e-05
308.5692,2723560.0,0.0,-6243.472007357883,-19.617703312560884,9.03302982929324e-05
533.6765,4808882.0,0.0,32203.803450646854,71.5337508667445,0.00014115338825062423
353.4092,235127.0,0.0,35.25370775752346,0.06341248329957486,9.603478288323102e-05
545.108,4465981.0,0.0,35164.85917767378,77.11497849915791,0.00015423201233887447
517.546,2583653.0,1.0,46467.567706699854,100.10945531585553,0.0011364302137999267
310.4006,1448728.0,0.0,-6062.649524191203,-18.660681418411972,9.065384352358018e-05
428.425,4619423.0,0.0,12115.829802068749,29.867969215580647,0.00010673069310492198
526.8729,1753997.0,1.0,49977.98352290676,109.29870509914508,0.0020618134064876704
351.9283,3735855.0,0.0,-9.908450383014818,-1.0144210231283337,9.533838284754367e-05
350.1823,2983793.0,0.0,-305.73684528199425,-1.6529889282414338,9.522031585987394e-05
513.7259,3279929.0,0.0,28065.177648640154,64.0304199762505,0.0001327544694159692
459.3608,4617618.0,0.0,17495.00143605796,41.98733522707175,0.00011307808588709147
406.9081,3909671.0,0.0,8525.574168727819,21.44971106632302,0.00010320331456350169
472.3036,2858393.0,0.0,19865.184265391803,47.50998180809013,0.0001174331989695613
349.2952,1501312.0,0.0,-511.39579408816894,-1.8372071870241722,9.531272408973817e-05
449.7023,1470865.0,0.0,15747.782352579346,38.923890853230034,0.00011242974305522105
289.1205,4453246.0,0.0,-8777.411249270743,-28.614728070196524,8.811132388615262e-05
498.2994,1579110.0,1.0,45774.86925551545,101.81040558614603,0.002112697716293778
429.9865,4261059.0,0.0,12370.24279180578,30.55000584609891,0.00010713857121301652
451.868,3372511.0,0.0,16148.023982168503,39.33842718976592,0.00011198453321364394
468.6373,3140945.0,0.0,19181.497907580473,45.98662776073145,0.00011623131625032293
405.6896,4425341.0,0.0,8346.671655340255,20.87861248013525,0.00010287669337126787
372.4706,1576167.0,0.0,2981.60658673905,7.8229512691099075,9.844029601075357e-05
463.1503,3010789.0,0.0,18175.991148467452,43.860675971171005,0.00011488151054076926
396.5819,816967.0,0.0,6740.662459404722,17.79762167580221,0.00010227768673418132
417.3836,4060150.0,0.0,10251.405185927335,25.599210398360952,0.00010492985178224748
348.8261,1496738.0,0.0,-580.7893436740524,-2.0347594749152185,9.525295248952729e-05
362.1156,3043850.0,0.0,1475.3569353307732,3.3319829069657536,9.676673017615356e-05
422.5458,2026295.0,0.0,11052.998242846566,28.019760502304226,0.00010648639719726357
403.9698,676715.0,0.0,7932.429029702715,20.811060939700326,0.00010355193935202962
437.8991,800522.0,0.0,13657.959274164159,34.382905356812714,0.00011005762309873767
547.1713,4333972.0,0.0,35851.743911347934,78.41045660571568,0.00015891312312556487
503.7365,3981126.0,0.0,25911.530209574117,59.61875425847974,0.00012690479616928605
449.2141,3858205.0,0.0,15684.338274357575,38.188975615629346,0.00011116933967335468
443.2599,3194546.0,0.0,14630.213485486993,35.991305020398535,0.00011018115756197916
408.5561,4175013.0,0.0,8803.725427588664,22.064674448377232,0.00010340652104797867
428.2829,3009559.0,0.0,12048.61620206589,30.113131202303542,0.0001072420763612545
466.1003,4040994.0,0.0,18711.395032447173,44.75813987200277,0.0001150143120244587
334.9298,4398405.0,0.0,-2450.032761598087,-8.30196819650599,9.31692663048446e-05
448.1146,225634.0,1.0,41415.2111309193,107.2410199946594,0.015949034593741206
363.4592,203996.0,0.0,1543.0758492803122,4.278601258822024,9.740779000404457e-05
511.09,315682.0,1.0,49875.714170427425,122.1834573612333,0.01304701204041001
340.8735,4516875.0,0.0,-1587.0031628773318,-5.7806418601981395,9.386664418617515e-05
313.4241,2689298.0,0.0,-5575.220176267972,-17.45895736296779,9.087325132077975e-05
429.4182,1648872.0,0.0,12209.31386927166,30.829218618143138,0.00010794777958185293
438.2394,4132394.0,0.0,13777.489763092977,33.82367490550317,0.00010877533245654157
341.5497,1128658.0,0.0,-1665.3312427579342,-5.075595743054821,9.437805329142398e-05
508.973,4730143.0,0.0,26913.294436635224,61.40861263221904,0.00012800859619319213
504.594,4347541.0,0.0,26056.828528923303,59.81477243641588,0.0001267575406924026
289.4301,3256478.0,0.0,-8805.733522073011,-28.347852378298157,8.823531684997925e-05
343.5002,2870655.0,0.0,-1291.242681379706,-4.4634737653227194,9.439562877825825e-05
364.6562,4159533.0,0.0,1912.4313071644876,4.237417749290011,9.693120336629663e-05
527.1117,635654.0,1.0,51779.214715824346,120.27969583657139,0.006501275009005067
416.014,3739731.0,0.0,10014.111554610514,25.11037859973382,0.00010478374575323354
298.8552,1706882.0,0.0,-7627.151390605697,-23.873050437374246,8.936053527080873e-05
332.5153,2100820.0,0.0,-2918.5656021220702,-9.064553216413822,9.314913771988294e-05
401.3967,1574602.0,0.0,7545.759452225737,19.62068532934395,0.00010288405451007107
389.971,2977011.0,0.0,5771.427217618922,14.7756642184191,0.00010074475229082677
514.4349,1272507.0,1.0,48880.107177450496,109.45109363449697,0.0029165647953255645
392.915,1933933.0,0.0,6196.594666220224,16.13117367458345,0.00010142807162894666
324.675,273142.0,0.0,-4132.3286082688355,-12.242354480596001,9.242144816795102e-05
353.9763,3540411.0,0.0,283.4634881622411,-0.13035343248192954,9.562736506878652e-05
333.5176,1795040.0,0.0,-2791.1682642971164,-8.596394821749794,9.330600905628905e-05
480.9074,3269660.0,0.0,21476.52252788699,50.78857961801,0.00011964403680873821
413.4502,2480390.0,0.0,9549.228910255735,24.307500328714017,0.0001046965192572945
361.6237,545289.0,0.0,1281.5110664276724,3.465573240210628,9.709756915189194e-05
472.1283,3692676.0,0.0,19821.412484228407,47.210375914641794,0.00011680331384317504
357.4653,2540980.0,0.0,753.2858631572827,1.4599198703293157,9.622676216215499e-05
462.2401,4637742.0,0.0,18012.532963608326,43.10549701871458,0.00011373981732033778
525.6488,3257793.0,0.0,30743.854945406285,69.18994364284924,0.00014062471883415897
292.0272,2809322.0,0.0,-8484.16185971819,-27.10581365398373,8.854207703061493e-05
505.3356,2593083.0,0.0,26373.332816795843,60.88692025677752,0.00012976173946506011
451.8976,303508.0,1.0,41755.41413087876,105.62891919273879,0.011821097579750691
340.2656,1413980.0,0.0,-1837.274333126194,-5.658871219192735,9.418075103737922e-05
400.9543,2980531.0,0.0,7526.282571575316,19.2123170044874,0.00010246461192988934
529.8475,2973269.0,1.0,47644.251030745705,101.57585103858055,0.0009694884682775527
287.0835,1373451.0,0.0,-9228.12511383122,-29.237116903867694,8.813579656884169e-05
444.4947,4095100.0,0.0,14860.857546644367,36.28749872158689,0.00011006223652666858
448.8687,1328904.0,0.0,15598.259608439088,38.62659436902784,0.00011230477310793839
372.5791,715437.0,0.0,2959.5067305512043,7.9912734942995325,9.861178170907842e-05
300.9488,3930553.0,0.0,-7216.075743088445,-23.165057773600733,8.939563411914036e-05
357.8821,4527665.0,0.0,913.8403173792021,1.3749830219837622,9.598816890703861e-05
506.4799,1389926.0,1.0,47441.36485425316,106.00398064617895,0.0025574476176721374
537.1176,3926617.0,0.0,33324.975738195266,73.8654977340717,0.00014820384554882162
311.8884,3693510.0,0.0,-5731.5221836118435,-18.250317054141366,9.060631642172262e-05
512.2679,2347578.0,1.0,46192.78979980606,100.13028632601326,0.0012868645758325654
307.7586,2606920.0,0.0,-6361.433102954918,-19.966315172370145,9.025170199001252e-05
303.0735,7467.0,1.0,26477.767886053905,95.40000565239963,0.3361097224757108
333.0027,2318525.0,0.0,-2837.1853450679837,-8.880943943316952,9.318213385613927e-05
419.8632,861470.0,0.0,10570.343094550864,27.168181803276624,0.00010636405225978114
313.3618,4676252.0,0.0,-5472.6826677010085,-17.707293857444835,9.067622164872163e-05
374.3541,3749742.0,0.0,3370.3912039804122,8.291460756931254,9.832098351066772e-05
529.1942,738541.0,1.0,51948.35660281555,119.42914863656014,0.005565117126321251
350.259,1597670.0,0.0,-364.28528627689906,-1.442895876645002,9.542358068210861e-05
370.0851,3469192.0,0.0,2703.6177665775867,6.574010031831315,9.777766927166619e-05
423.5341,4725203.0,0.0,11296.765127063758,27.91879714667367,0.00010581398758358645
452.5339,2834532.0,0.0,16261.817852529248,39.72354472070084,0.00011240148929792142
448.2903,3927885.0,0.0,15522.726567636106,37.81159607039393,0.00011093808095916322
297.231,1117868.0,0.0,-7880.700586052627,-24.547287737648773,8.923537550524106e-05
350.8471,4765771.0,0.0,-117.0263667235242,-1.5982919634503483,9.5061308481543e-05
286.4342,4442276.0,0.0,-9135.69577556912,-29.85638598073135,8.783586585413251e-05
371.9708,4367157.0,0.0,3033.7710819565627,7.22707203533758,9.788536544171473e-05
432.834,4676547.0,0.0,12864.890473602518,31.593216980787247,0.00010753245554200081
411.8431,3351491.0,0.0,9313.137545339765,23.514901295750565,0.00010417491733834376
540.8576,2722200.0,1.0,50395.25655521215,107.22605096280883,0.0012053863941976167
431.5558,4079299.0,0.0,12632.031142531398,31.20300738973252,0.00010749636848867816
538.5271,211556.0,1.0,54032.42502859379,133.35556043080746,0.020801890356610384
383.562,3859519.0,0.0,4801.7561686973395,12.039964271980642,9.96128334090221e-05
486.7136,2126860.0,0.0,22641.188135483342,53.48178903396819,0.00012264206569055625
548.4593,4663770.0,0.0,35972.276183936134,78.5352896931776,0.00015735232179528127
502.0858,1653905.0,1.0,46209.07596088727,102.36958736747155,0.002020161493138551
327.8899,2290844.0,0.0,-3567.882221514648,-11.084425429172327,9.25769135530265e-05
342.613,1030589.0,0.0,-1515.4355246191362,-4.6103306786996585,9.452466916392713e-05
416.8777,3673930.0,0.0,10155.050838442272,25.465382062264986,0.00010495285582020113
282.4594,3101052.0,0.0,-9741.207863495549,-31.57170474518137,8.752751851202188e-05
341.5521,1949174.0,0.0,-1622.6009249569238,-5.177088308935983,9.427223313111166e-05
531.5249,1496746.0,1.0,51163.585259726395,112.65169469438013,0.002539416949817659
391.3903,829525.0,0.0,5910.118863325928,15.686314008248168,0.0001014370629153173
548.0382,2455103.0,1.0,52207.610820503716,111.20376681276689,0.0014445314449377255
444.8019,2589375.0,0.0,14891.205398895576,36.72965160856077,0.00011077696103556571
516.0631,1472369.0,1.0,48776.240440869355,108.21015681771676,0.0024638130583439647
521.9975,4219969.0,0.0,29710.1534378399,66.96368239149821,0.00013527636535415997
525.7451,795631.0,1.0,51348.33952089358,117.71545693968243,0.005093146446941764
455.822,1331721.0,0.0,16847.9134944656,41.388497444604,0.0001140076620787058
396.3068,1605071.0,0.0,6726.217600099108,17.558097960914537,0.00010204401390060331
395.5629,2141198.0,0.0,6627.655482305011,17.171153428587388,0.00010179946695906215
437.5437,744539.0,1.0,38863.28262226983,92.26209206032662,0.004226596554247935
512.2743,478440.0,1.0,49814.37917959306,118.73870251865418,0.008485135751109102
435.9022,2931852.0,0.0,13349.402704565393,33.14299856114296,0.00010876550056549462
486.5385,1326733.0,1.0,44514.7911062519,100.43244175937984,0.002518246241345506
321.4172,367955.0,0.0,-4586.907815269671,-13.676592140875218,9.202645931124785e-05
495.1812,3557485.0,0.0,24229.973301858805,56.358448172311,0.00012413425278011555
425.855,3515702.0,0.0,11651.379195851709,29.05626020458258,0.00010661590202753785
525.725,238634.0,1.0,52106.06892946753,128.75300625877074,0.0179323219956963
509.9016,130540.0,1.0,49962.64616783754,129.54636981283412,0.032066686768457656
467.1818,2873023.0,0.0,18915.554858751195,45.48475533244368,0.00011601739338989771
416.4266,2524280.0,0.0,10043.899357881803,25.488554257363695,0.00010521011568834885
336.6454,2763885.0,0.0,-2290.2631229963185,-7.371675845812039,9.356840281414758e-05
529.8813,3600790.0,0.0,31650.02293698417,70.81484863988013,0.00014277720103417335
327.6549,4237527.0,0.0,-3495.798366885861,-11.413609656033891,9.233509384232106e-05
353.4677,4457636.0,0.0,254.31775960295138,-0.4604667801612568,9.543361618195056e-05
311.9693,580334.0,0.0,-5894.11627209633,-17.865753807875045,9.091479828386973e-05
474.6531,173109.0,1.0,45009.90029378348,117.1763804583787,0.022310096460642904
398.8098,3624702.0,0.0,7205.948900441421,18.246587088324596,0.00010197043855472722
494.3318,3771093.0,0.0,24050.917170081226,55.94306499786652,0.00012359057170790094
526.0699,1218744.0,1.0,50759.35300607045,113.37795103683324,0.003173989658276461
398.1096,575587.0,0.0,6977.898181052817,18.456898745881528,0.00010258896013163677
317.318,840047.0,0.0,-5135.8241854741145,-15.531006073217423,9.150017687574386e-05
463.5596,263632.0,1.0,43368.68715991377,110.27763383322038,0.014098146632971143
331.6043,1954410.0,0.0,-3056.688593350554,-9.439461048281084,9.305692453719524e-05
344.0716,1749534.0,0.0,-1265.6195107922983,-4.080753773996158,9.461355809640027e-05
506.9479,2702342.0,0.0,26699.38627778946,61.503038426390255,0.00013036162087513758
